{
    "list": [
        {
            "type": "path",
            "id": 14914,
            "name": "PathLoop",
            "transform": {
                "e00": 1.0,
                "e01": 0.0,
                "e02": 0.0,
                "e03": 0.0,
                "e10": 0.0,
                "e11": 1.0,
                "e12": 0.0,
                "e13": 0.0,
                "e20": 0.0,
                "e21": 0.0,
                "e22": 1.0,
                "e23": 0.0,
                "e30": 0.0,
                "e31": 0.0,
                "e32": 0.0,
                "e33": 1.0
            },
            "path": [
                {
                    "e00": 1.0,
                    "e01": 0.0,
                    "e02": 0.0,
                    "e03": -1.0,
                    "e10": 0.0,
                    "e11": -1.1920928955078126e-7,
                    "e12": 1.0000001192092896,
                    "e13": 0.6800000071525574,
                    "e20": 0.0,
                    "e21": -1.0000001192092896,
                    "e22": -1.1920928955078126e-7,
                    "e23": -1.0,
                    "e30": 0.0,
                    "e31": 0.0,
                    "e32": 0.0,
                    "e33": 1.0
                },
                {
                    "e00": 1.0,
                    "e01": 0.0,
                    "e02": 0.0,
                    "e03": -1.0,
                    "e10": 0.0,
                    "e11": -1.1920928955078126e-7,
                    "e12": 1.0000001192092896,
                    "e13": 0.6986104846000671,
                    "e20": 0.0,
                    "e21": -1.0000001192092896,
                    "e22": -1.1920928955078126e-7,
                    "e23": 0.9999126195907593,
                    "e30": 0.0,
                    "e31": 0.0,
                    "e32": 0.0,
                    "e33": 1.0
                },
                {
                    "e00": 1.0,
                    "e01": 0.0,
                    "e02": 0.0,
                    "e03": 1.0,
                    "e10": 0.0,
                    "e11": -1.1920928955078126e-7,
                    "e12": 1.0000001192092896,
                    "e13": 0.6986104846000671,
                    "e20": 0.0,
                    "e21": -1.0000001192092896,
                    "e22": -1.1920928955078126e-7,
                    "e23": 0.9999126195907593,
                    "e30": 0.0,
                    "e31": 0.0,
                    "e32": 0.0,
                    "e33": 1.0
                },
                {
                    "e00": 1.0,
                    "e01": 0.0,
                    "e02": 0.0,
                    "e03": 1.0,
                    "e10": 0.0,
                    "e11": -1.1920928955078126e-7,
                    "e12": 1.0000001192092896,
                    "e13": 0.6800000071525574,
                    "e20": 0.0,
                    "e21": -1.0000001192092896,
                    "e22": -1.1920928955078126e-7,
                    "e23": -1.0,
                    "e30": 0.0,
                    "e31": 0.0,
                    "e32": 0.0,
                    "e33": 1.0
                }
            ],
            "reverse": false,
            "loop": true
        },
        {
            "type": "sphere",
            "id": 14944,
            "name": "Sphere",
            "transform": {
                "e00": 1.0,
                "e01": 0.0,
                "e02": 0.0,
                "e03": -0.9180523753166199,
                "e10": 0.0,
                "e11": 1.0,
                "e12": 0.0,
                "e13": 0.6822922229766846,
                "e20": 0.0,
                "e21": 0.0,
                "e22": 1.0,
                "e23": -0.7536724805831909,
                "e30": 0.0,
                "e31": 0.0,
                "e32": 0.0,
                "e33": 1.0
            },
            "path": [],
            "reverse": false,
            "loop": false
        },
        {
            "type": "capsule",
            "id": 14968,
            "name": "Capsule",
            "transform": {
                "e00": 1.0,
                "e01": 0.0,
                "e02": 0.0,
                "e03": 0.7108299732208252,
                "e10": 0.0,
                "e11": 1.0,
                "e12": 0.0,
                "e13": 0.43000006675720217,
                "e20": 0.0,
                "e21": 0.0,
                "e22": 1.0,
                "e23": -3.5899999141693117,
                "e30": 0.0,
                "e31": 0.0,
                "e32": 0.0,
                "e33": 1.0
            },
            "path": [],
            "reverse": false,
            "loop": false
        },
        {
            "type": "path",
            "id": 14986,
            "name": "PathLinear",
            "transform": {
                "e00": 1.0,
                "e01": 0.0,
                "e02": 0.0,
                "e03": 0.0,
                "e10": 0.0,
                "e11": 1.0,
                "e12": 0.0,
                "e13": -3.0,
                "e20": 0.0,
                "e21": 0.0,
                "e22": 1.0,
                "e23": 0.0,
                "e30": 0.0,
                "e31": 0.0,
                "e32": 0.0,
                "e33": 1.0
            },
            "path": [
                {
                    "e00": 1.0,
                    "e01": 0.0,
                    "e02": 0.0,
                    "e03": -4.0,
                    "e10": 0.0,
                    "e11": 1.0,
                    "e12": 0.0,
                    "e13": 0.43000006675720217,
                    "e20": 0.0,
                    "e21": 0.0,
                    "e22": 1.0,
                    "e23": -3.5899999141693117,
                    "e30": 0.0,
                    "e31": 0.0,
                    "e32": 0.0,
                    "e33": 1.0
                },
                {
                    "e00": 1.0,
                    "e01": 0.0,
                    "e02": 0.0,
                    "e03": 4.0,
                    "e10": 0.0,
                    "e11": 1.0,
                    "e12": 0.0,
                    "e13": 0.43000006675720217,
                    "e20": 0.0,
                    "e21": 0.0,
                    "e22": 1.0,
                    "e23": -3.5899999141693117,
                    "e30": 0.0,
                    "e31": 0.0,
                    "e32": 0.0,
                    "e33": 1.0
                }
            ],
            "reverse": false,
            "loop": false
        },
        {
            "type": "cube",
            "id": 15002,
            "name": "Cube",
            "transform": {
                "e00": 1.0,
                "e01": 0.0,
                "e02": 0.0,
                "e03": 0.0,
                "e10": 0.0,
                "e11": 1.0,
                "e12": 0.0,
                "e13": 0.699999988079071,
                "e20": 0.0,
                "e21": 0.0,
                "e22": 1.0,
                "e23": 0.0,
                "e30": 0.0,
                "e31": 0.0,
                "e32": 0.0,
                "e33": 1.0
            },
            "path": [],
            "reverse": false,
            "loop": false
        }
    ]
}